{"version": "1", "message": "ERROR: Hidden Testcases server unreachable.", "problem_id": "ads2_m2_a1_1", "user_id": "shanmukhsurendra", "score": {"sample": {"0": {"execution_time": 0.9917263984680176, "passed": true}, "1": {"execution_time": 0.2934396266937256, "passed": true}, "2": {"execution_time": 0.22254562377929688, "passed": true}, "3": {"execution_time": 0.21191191673278809, "passed": true}, "4": {"execution_time": 0.21497249603271484, "passed": true}, "5": {"execution_time": 0.22975516319274902, "passed": true}, "6": {"execution_time": 0.2718617916107178, "passed": true}, "7": {"execution_time": 0.2631568908691406, "passed": true}, "8": {"execution_time": 0.23323798179626465, "passed": true}, "9": {"execution_time": 0.2632145881652832, "passed": true}, "10": {"execution_time": 0.24491286277770996, "passed": true}, "11": {"execution_time": 0.26514744758605957, "passed": true}, "12": {"execution_time": 0.30454540252685547, "passed": true}, "13": {"execution_time": 0.23986339569091797, "passed": true}, "14": {"execution_time": 0.26062488555908203, "passed": true}, "15": {"execution_time": 0.25240325927734375, "passed": true}, "16": {"execution_time": 0.22625160217285156, "passed": true}, "17": {"execution_time": 0.4456448554992676, "passed": true}, "18": {"execution_time": 0.3563692569732666, "passed": true}, "19": {"execution_time": 0.3276526927947998, "passed": true}, "20": {"execution_time": 0.3156895637512207, "passed": true}, "21": {"execution_time": 0.32886338233947754, "passed": true}, "22": {"execution_time": 0.5587432384490967, "passed": true}, "23": {"execution_time": 0.48876047134399414, "passed": true}}}, "check_style_score": "0/1"}