{"version": "1", "message": "ERROR: Hidden Testcases server unreachable.", "problem_id": "ads2_m2_a1_1", "user_id": "shanmukhsurendra", "score": {"sample": {"0": {"execution_time": 0.45390748977661133, "passed": true}, "1": {"execution_time": 0.401289701461792, "passed": true}, "2": {"execution_time": 0.5753180980682373, "passed": true}, "3": {"execution_time": 0.5005166530609131, "passed": true}, "4": {"execution_time": 0.8052866458892822, "passed": true}, "5": {"execution_time": 0.5086476802825928, "passed": true}, "6": {"execution_time": 0.445772647857666, "passed": true}, "7": {"execution_time": 0.567603349685669, "passed": true}, "8": {"execution_time": 0.4545621871948242, "passed": true}, "9": {"execution_time": 0.42025327682495117, "passed": true}, "10": {"execution_time": 0.39861536026000977, "passed": true}, "11": {"execution_time": 0.6466288566589355, "passed": true}, "12": {"execution_time": 0.5012309551239014, "passed": true}, "13": {"execution_time": 0.9135468006134033, "passed": true}, "14": {"execution_time": 0.5600476264953613, "passed": true}, "15": {"execution_time": 0.40636777877807617, "passed": true}, "16": {"execution_time": 0.4682917594909668, "passed": true}, "17": {"execution_time": 0.5765681266784668, "passed": true}, "18": {"execution_time": 0.6304233074188232, "passed": true}, "19": {"execution_time": 1.4472122192382812, "passed": true}, "20": {"execution_time": 0.5094001293182373, "passed": true}, "21": {"execution_time": 0.6191520690917969, "passed": true}, "22": {"execution_time": 1.0910358428955078, "passed": true}, "23": {"execution_time": 0.8351442813873291, "passed": true}}}, "check_style_score": "1/1"}