{"version": "1", "message": "ERROR: Hidden Testcases server unreachable.", "problem_id": "ads2_m4_a1_1", "user_id": "shanmukhsurendra", "score": {"sample": {"0": {"execution_time": 0.35202980041503906, "passed": true}, "1": {"execution_time": 0.31795191764831543, "passed": true}, "2": {"execution_time": 0.368640661239624, "passed": true}, "3": {"execution_time": 0.3775341510772705, "passed": true}, "4": {"execution_time": 0.30443739891052246, "passed": true}, "5": {"execution_time": 0.29280614852905273, "passed": true}, "6": {"execution_time": 0.26251745223999023, "passed": true}, "7": {"execution_time": 0.285996675491333, "passed": true}, "8": {"execution_time": 0.2775866985321045, "passed": true}, "9": {"execution_time": 0.26612257957458496, "passed": true}, "10": {"execution_time": 0.24355483055114746, "passed": true}, "11": {"execution_time": 0.23534727096557617, "passed": true}, "12": {"execution_time": 0.24122047424316406, "passed": true}, "13": {"execution_time": 5.879987955093384, "passed": false}, "14": {"execution_time": 0.41852664947509766, "passed": true}}}, "check_style_score": "0/1"}