{"version": "1", "message": "ERROR: Hidden Testcases server unreachable.", "problem_id": "ads2_m4_a1_1", "user_id": "nikhitha goli 20186105", "score": {"sample": {"0": {"execution_time": 0.22895216941833496, "passed": true}, "1": {"execution_time": 0.2389380931854248, "passed": true}, "2": {"execution_time": 0.3364579677581787, "passed": true}, "3": {"execution_time": 0.3032565116882324, "passed": true}, "4": {"execution_time": 0.20441865921020508, "passed": true}, "5": {"execution_time": 0.24943137168884277, "passed": true}, "6": {"execution_time": 0.23794198036193848, "passed": true}, "7": {"execution_time": 0.2569544315338135, "passed": true}, "8": {"execution_time": 0.2161719799041748, "passed": true}, "9": {"execution_time": 0.2080070972442627, "passed": true}, "10": {"execution_time": 0.25316429138183594, "passed": true}, "11": {"execution_time": 0.24681854248046875, "passed": true}, "12": {"execution_time": 0.22639131546020508, "passed": true}, "13": {"execution_time": 3.4429056644439697, "passed": false}, "14": {"execution_time": 0.13849973678588867, "passed": true}}}, "check_style_score": "0/1"}