{"version": "1", "message": "ERROR: Hidden Testcases server unreachable.", "problem_id": "ads2_m6_a1_1", "user_id": "shanmukhsurendra", "score": {"sample": {"0": {"execution_time": 0.3247709274291992, "passed": false}, "1": {"execution_time": 0.3169255256652832, "passed": false}, "2": {"execution_time": 0.31298232078552246, "passed": false}, "3": {"execution_time": 0.31265950202941895, "passed": false}, "4": {"execution_time": 0.3232388496398926, "passed": false}, "5": {"execution_time": 0.32889652252197266, "passed": true}, "6": {"execution_time": 0.31869935989379883, "passed": true}, "7": {"execution_time": 0.3394510746002197, "passed": false}, "8": {"execution_time": 0.3088054656982422, "passed": true}, "9": {"execution_time": 0.32001209259033203, "passed": false}, "10": {"execution_time": 0.3731715679168701, "passed": true}, "11": {"execution_time": 0.3178670406341553, "passed": false}}}, "check_style_score": "0/1"}