{"version": "1", "message": "ERROR: Hidden Testcases server unreachable.", "problem_id": "ads2_m6_a1_1", "user_id": "shanmukhsurendra", "score": {"sample": {"0": {"execution_time": 0.29620909690856934, "passed": false}, "1": {"execution_time": 0.27426671981811523, "passed": false}, "2": {"execution_time": 0.3011956214904785, "passed": false}, "3": {"execution_time": 0.2902247905731201, "passed": false}, "4": {"execution_time": 0.2782564163208008, "passed": false}, "5": {"execution_time": 0.2792539596557617, "passed": false}, "6": {"execution_time": 0.2842402458190918, "passed": false}, "7": {"execution_time": 0.2752645015716553, "passed": false}, "8": {"execution_time": 0.3011949062347412, "passed": false}, "9": {"execution_time": 0.2872328758239746, "passed": false}, "10": {"execution_time": 0.26329636573791504, "passed": false}, "11": {"execution_time": 0.29620838165283203, "passed": false}}}, "check_style_score": "0/1"}