{"version": "1", "message": "ERROR: Hidden Testcases server unreachable.", "problem_id": "ads2_m6_a1_1", "user_id": "shanmukhsurendra", "score": {"sample": {"0": {"execution_time": 0.28274965286254883, "passed": false}, "1": {"execution_time": 0.29102492332458496, "passed": false}, "2": {"execution_time": 0.2564396858215332, "passed": false}, "3": {"execution_time": 0.26532459259033203, "passed": false}, "4": {"execution_time": 0.25943827629089355, "passed": false}, "5": {"execution_time": 0.270906925201416, "passed": false}, "6": {"execution_time": 0.2482898235321045, "passed": false}, "7": {"execution_time": 0.2748892307281494, "passed": false}, "8": {"execution_time": 0.2840902805328369, "passed": false}, "9": {"execution_time": 0.29958653450012207, "passed": false}, "10": {"execution_time": 0.2554051876068115, "passed": false}, "11": {"execution_time": 0.29421329498291016, "passed": false}}}, "check_style_score": "0/1"}