{"version": "1", "message": "ERROR: Hidden Testcases server unreachable.", "problem_id": "ads2_m6_a1_1", "user_id": "shanmukhsurendra", "score": {"sample": {"0": {"execution_time": 0.3771834373474121, "passed": false}, "1": {"execution_time": 0.3123180866241455, "passed": false}, "2": {"execution_time": 0.3571350574493408, "passed": false}, "3": {"execution_time": 0.31620311737060547, "passed": false}, "4": {"execution_time": 0.32822632789611816, "passed": false}, "5": {"execution_time": 0.3167142868041992, "passed": true}, "6": {"execution_time": 0.3084299564361572, "passed": true}, "7": {"execution_time": 0.291917085647583, "passed": false}, "8": {"execution_time": 0.3365035057067871, "passed": true}, "9": {"execution_time": 0.38317322731018066, "passed": false}, "10": {"execution_time": 0.3052091598510742, "passed": true}, "11": {"execution_time": 0.33174943923950195, "passed": false}}}, "check_style_score": "0/1"}