{"version": "1", "message": "ERROR: Hidden Testcases server unreachable.", "problem_id": "ads2_m6_a1_1", "user_id": "shanmukhsurendra", "score": {"sample": {"0": {"execution_time": 0.3069016933441162, "passed": false}, "1": {"execution_time": 0.3097856044769287, "passed": false}, "2": {"execution_time": 0.3033304214477539, "passed": false}, "3": {"execution_time": 0.31061649322509766, "passed": false}, "4": {"execution_time": 0.398761510848999, "passed": false}, "5": {"execution_time": 0.33640217781066895, "passed": false}, "6": {"execution_time": 0.35408830642700195, "passed": false}, "7": {"execution_time": 0.4332618713378906, "passed": false}, "8": {"execution_time": 0.33558058738708496, "passed": false}, "9": {"execution_time": 0.33117032051086426, "passed": false}, "10": {"execution_time": 0.31715846061706543, "passed": false}, "11": {"execution_time": 0.3377387523651123, "passed": false}}}, "check_style_score": "0/1"}