{"version": "1", "message": "ERROR: Hidden Testcases server unreachable.", "problem_id": "ads2_m6_a1_1", "user_id": "shanmukhsurendra", "score": {"sample": {"0": {"execution_time": 0.3476839065551758, "passed": false}, "1": {"execution_time": 0.32442617416381836, "passed": false}, "2": {"execution_time": 0.3049740791320801, "passed": false}, "3": {"execution_time": 0.30831170082092285, "passed": false}, "4": {"execution_time": 0.34194159507751465, "passed": false}, "5": {"execution_time": 0.5001368522644043, "passed": false}, "6": {"execution_time": 0.31981849670410156, "passed": false}, "7": {"execution_time": 0.32384800910949707, "passed": false}, "8": {"execution_time": 0.3099246025085449, "passed": false}, "9": {"execution_time": 0.3095424175262451, "passed": false}, "10": {"execution_time": 0.3235626220703125, "passed": false}, "11": {"execution_time": 0.3156168460845947, "passed": false}}}, "check_style_score": "0/1"}