{"version": "1", "message": "ERROR: Hidden Testcases server unreachable.", "problem_id": "ads2_m16_a1_1", "user_id": "shanmukhsurendra", "score": {"sample": {"0": {"execution_time": 0.40990376472473145, "passed": true}, "1": {"execution_time": 0.3540530204772949, "passed": true}, "2": {"execution_time": 1.003403663635254, "passed": true}, "3": {"execution_time": 1.0994503498077393, "passed": true}, "4": {"execution_time": 0.8786706924438477, "passed": true}, "5": {"execution_time": 0.8744080066680908, "passed": true}, "6": {"execution_time": 0.8816406726837158, "passed": true}, "7": {"execution_time": 0.8764750957489014, "passed": true}, "8": {"execution_time": 0.45393848419189453, "passed": true}, "9": {"execution_time": 0.8332343101501465, "passed": true}, "10": {"execution_time": 0.933713436126709, "passed": true}, "11": {"execution_time": 6.560571193695068, "passed": true}, "12": {"execution_time": 0.8230626583099365, "passed": true}, "13": {"execution_time": 0.35919737815856934, "passed": true}, "14": {"execution_time": 1.0536954402923584, "passed": true}, "15": {"execution_time": 1.0412380695343018, "passed": true}, "16": {"execution_time": 0.43084716796875, "passed": true}, "17": {"execution_time": 0.4493131637573242, "passed": true}, "18": {"execution_time": 0.4279179573059082, "passed": true}, "19": {"execution_time": 0.4478020668029785, "passed": true}, "20": {"execution_time": 0.4792287349700928, "passed": true}, "21": {"execution_time": 0.4208805561065674, "passed": true}, "22": {"execution_time": 0.4039194583892822, "passed": true}, "23": {"execution_time": 0.4388270378112793, "passed": true}, "24": {"execution_time": 0.30420780181884766, "passed": true}, "25": {"execution_time": 0.87884521484375, "passed": true}, "26": {"execution_time": 0.7081594467163086, "passed": true}, "27": {"execution_time": 0.8644087314605713, "passed": true}, "28": {"execution_time": 1.2740612030029297, "passed": true}, "29": {"execution_time": 1.1328802108764648, "passed": true}}}, "check_style_score": "1/1"}