{"score": {"sample": {"0": {"execution_time": 0.35467076301574707, "passed": true}, "1": {"execution_time": 0.3976294994354248, "passed": true}, "2": {"execution_time": 0.7011945247650146, "passed": true}, "3": {"execution_time": 0.7591290473937988, "passed": true}, "4": {"execution_time": 0.7382247447967529, "passed": true}, "5": {"execution_time": 0.7221970558166504, "passed": true}, "6": {"execution_time": 0.9572484493255615, "passed": true}, "7": {"execution_time": 0.7798728942871094, "passed": true}, "8": {"execution_time": 0.5652720928192139, "passed": true}, "9": {"execution_time": 0.8160800933837891, "passed": true}, "10": {"execution_time": 0.8222236633300781, "passed": true}, "11": {"execution_time": 5.149716377258301, "passed": true}, "12": {"execution_time": 0.7451198101043701, "passed": true}, "13": {"execution_time": 0.3772919178009033, "passed": true}, "14": {"execution_time": 0.9215517044067383, "passed": true}, "15": {"execution_time": 0.8522205352783203, "passed": true}, "16": {"execution_time": 0.5155978202819824, "passed": true}, "17": {"execution_time": 0.39599061012268066, "passed": true}, "18": {"execution_time": 0.6428508758544922, "passed": true}, "19": {"execution_time": 0.5363466739654541, "passed": true}, "20": {"execution_time": 0.41497087478637695, "passed": true}, "21": {"execution_time": 0.4950079917907715, "passed": true}, "22": {"execution_time": 0.4619748592376709, "passed": true}, "23": {"execution_time": 0.4010429382324219, "passed": true}, "24": {"execution_time": 0.30107665061950684, "passed": true}, "25": {"execution_time": 0.7510406970977783, "passed": true}, "26": {"execution_time": 0.6036255359649658, "passed": true}, "27": {"execution_time": 0.8126058578491211, "passed": true}, "28": {"execution_time": 1.3450791835784912, "passed": true}, "29": {"execution_time": 1.2223737239837646, "passed": true}}}, "check_style_score": "1/1", "problem_id": "ads2_m16_a1_1", "user_id": "Rohithmarktricks", "version": "1", "message": "ERROR: Hidden Testcases server unreachable."}